[
    {
        "customername":"Aravind",
        "phonenumber":7093117585,
        "dateofbirth":"22/06/1997",
        "password":"qwerty123",
        "location":"Hyderabad",
        "accounttype":"savings",
        "balance":100,
        "customeraccountnumber":8764538271
    },{
        "customername":"REDDY",
        "phonenumber":7412589630,
        "dateofbirth":"22/03/1996",
        "password":"aravind123",
        "location":"chennai",
        "accounttype":"savings",
        "balance":100,
        "customeraccountnumber":8764538279
    },{
        "customername":"Keshireddy",
        "phonenumber":9632587410,
        "dateofbirth":"22/03/1997",
        "password":"asdfg123",
        "location":"pune",
        "accounttype":"current",
        "balance":100,
        "customeraccountnumber":8764538270
    }
]