<?xml version="1.0" encoding="UTF-8"?>

<!DOCTYPE hibernate-mapping PUBLIC
    "-//Hibernate/Hibernate Mapping DTD 3.0//EN"
    "http://www.hibernate.org/dtd/hibernate-mapping-3.0.dtd">
   
    <hibernate-mapping>
    <class name ="EmployeePojo" table="emptable">
    <id name="eid" column="empId">
    <generator class="assigned">
    </generator>
    </id>
    <property name="ename" column="EmpName"></property>
    <property name="esal" column="EmpSal"></property>
    </class>
   </hibernate-mapping>